{"cameraMode":{"drawMode":0,"name":"Shaded","section":"Shading Mode"},"sceneLighting":false,"audioPlay":false,"sceneViewState":{"showFog":true,"showMaterialUpdate":true,"showSkybox":false,"showFlares":true,"showImageEffects":true,"showParticleSystems":true},"in2DMode":false,"pivot":{"x":3.8633532524108888,"y":4.694676876068115,"z":1.280895471572876},"rotation":{"x":0.17560459673404694,"y":0.4945363700389862,"z":-0.10277166217565537,"w":0.8450061678886414},"size":1.439014196395874,"orthographic":false}