{"cameraMode":{"drawMode":0,"name":"Shaded","section":"Shading Mode"},"sceneLighting":false,"audioPlay":false,"sceneViewState":{"showFog":true,"showMaterialUpdate":true,"showSkybox":false,"showFlares":true,"showImageEffects":true,"showParticleSystems":true},"in2DMode":false,"pivot":{"x":14.079548835754395,"y":5.212646484375,"z":4.226630687713623},"rotation":{"x":0.1837558001279831,"y":-0.07805537432432175,"z":0.01463949866592884,"w":0.9797595739364624},"size":1.1093767881393433,"orthographic":true}